{"cameraMode":{"drawMode":0,"name":"Shaded","section":"Shading Mode"},"sceneLighting":false,"audioPlay":false,"sceneViewState":{"m_AlwaysRefresh":false,"showFog":true,"showSkybox":false,"showFlares":true,"showImageEffects":true,"showParticleSystems":true,"showVisualEffectGraphs":true,"m_FxEnabled":true},"in2DMode":false,"pivot":{"x":2.1642487049102785,"y":10.954293251037598,"z":0.7886295318603516},"rotation":{"x":-0.12980657815933228,"y":-0.09740636497735977,"z":0.0128136882558465,"w":-0.9866672158241272},"size":10.286417961120606,"orthographic":false}